Black/Black_0.jpg,Black
Black/Black_1.jpg,Black
Black/Black_10.jpg,Black
Black/Black_11.jpg,Black
Black/Black_12.jpg,Black
Black/Black_13.jpg,Black
Black/Black_14.jpg,Black
Black/Black_15.jpg,Black
Black/Black_16.jpg,Black
Black/Black_17.jpg,Black
Black/Black_18.jpg,Black
Black/Black_19.jpg,Black
Black/Black_2.jpg,Black
Black/Black_20.jpg,Black
Black/Black_21.jpg,Black
Black/Black_22.jpg,Black
Black/Black_23.jpg,Black
Black/Black_24.jpg,Black
Black/Black_25.jpg,Black
Black/Black_26.jpg,Black
Black/Black_27.jpg,Black
Black/Black_28.jpg,Black
Black/Black_29.jpg,Black
Black/Black_3.jpg,Black
Black/Black_30.jpg,Black
Black/Black_31.jpg,Black
Black/Black_32.jpg,Black
Black/Black_33.jpg,Black
Black/Black_34.jpg,Black
Black/Black_35.jpg,Black
Black/Black_36.jpg,Black
Black/Black_37.jpg,Black
Black/Black_38.jpg,Black
Black/Black_39.jpg,Black
Black/Black_4.jpg,Black
Black/Black_5.jpg,Black
Black/Black_6.jpg,Black
Black/Black_7.jpg,Black
Black/Black_8.jpg,Black
Black/Black_9.jpg,Black
Blue/Blue_0.jpg,Blue
Blue/Blue_1.jpg,Blue
Blue/Blue_10.jpg,Blue
Blue/Blue_11.jpg,Blue
Blue/Blue_12.jpg,Blue
Blue/Blue_13.jpg,Blue
Blue/Blue_14.jpg,Blue
Blue/Blue_15.jpg,Blue
Blue/Blue_16.jpg,Blue
Blue/Blue_17.jpg,Blue
Blue/Blue_18.jpg,Blue
Blue/Blue_19.jpg,Blue
Blue/Blue_2.jpg,Blue
Blue/Blue_20.jpg,Blue
Blue/Blue_21.jpg,Blue
Blue/Blue_22.jpg,Blue
Blue/Blue_23.jpg,Blue
Blue/Blue_24.jpg,Blue
Blue/Blue_25.jpg,Blue
Blue/Blue_26.jpg,Blue
Blue/Blue_27.jpg,Blue
Blue/Blue_28.jpg,Blue
Blue/Blue_29.jpg,Blue
Blue/Blue_3.jpg,Blue
Blue/Blue_30.jpg,Blue
Blue/Blue_31.jpg,Blue
Blue/Blue_32.jpg,Blue
Blue/Blue_33.jpg,Blue
Blue/Blue_34.jpg,Blue
Blue/Blue_35.jpg,Blue
Blue/Blue_36.jpg,Blue
Blue/Blue_37.jpg,Blue
Blue/Blue_38.jpg,Blue
Blue/Blue_39.jpg,Blue
Blue/Blue_4.jpg,Blue
Blue/Blue_5.jpg,Blue
Blue/Blue_6.jpg,Blue
Blue/Blue_7.jpg,Blue
Blue/Blue_8.jpg,Blue
Blue/Blue_9.jpg,Blue
Green/Green_0.jpg,Green
Green/Green_1.jpg,Green
Green/Green_10.jpg,Green
Green/Green_11.jpg,Green
Green/Green_12.jpg,Green
Green/Green_13.jpg,Green
Green/Green_14.jpg,Green
Green/Green_15.jpg,Green
Green/Green_16.jpg,Green
Green/Green_17.jpg,Green
Green/Green_18.jpg,Green
Green/Green_19.jpg,Green
Green/Green_2.jpg,Green
Green/Green_20.jpg,Green
Green/Green_21.jpg,Green
Green/Green_22.jpg,Green
Green/Green_23.jpg,Green
Green/Green_24.jpg,Green
Green/Green_25.jpg,Green
Green/Green_26.jpg,Green
Green/Green_27.jpg,Green
Green/Green_28.jpg,Green
Green/Green_29.jpg,Green
Green/Green_3.jpg,Green
Green/Green_30.jpg,Green
Green/Green_31.jpg,Green
Green/Green_32.jpg,Green
Green/Green_33.jpg,Green
Green/Green_34.jpg,Green
Green/Green_35.jpg,Green
Green/Green_36.jpg,Green
Green/Green_37.jpg,Green
Green/Green_38.jpg,Green
Green/Green_39.jpg,Green
Green/Green_4.jpg,Green
Green/Green_5.jpg,Green
Green/Green_6.jpg,Green
Green/Green_7.jpg,Green
Green/Green_8.jpg,Green
Green/Green_9.jpg,Green
Orange/Orange_0.jpg,Orange
Orange/Orange_1.jpg,Orange
Orange/Orange_10.jpg,Orange
Orange/Orange_11.jpg,Orange
Orange/Orange_12.jpg,Orange
Orange/Orange_13.jpg,Orange
Orange/Orange_14.jpg,Orange
Orange/Orange_15.jpg,Orange
Orange/Orange_16.jpg,Orange
Orange/Orange_17.jpg,Orange
Orange/Orange_18.jpg,Orange
Orange/Orange_19.jpg,Orange
Orange/Orange_2.jpg,Orange
Orange/Orange_20.jpg,Orange
Orange/Orange_21.jpg,Orange
Orange/Orange_22.jpg,Orange
Orange/Orange_23.jpg,Orange
Orange/Orange_24.jpg,Orange
Orange/Orange_25.jpg,Orange
Orange/Orange_26.jpg,Orange
Orange/Orange_27.jpg,Orange
Orange/Orange_28.jpg,Orange
Orange/Orange_29.jpg,Orange
Orange/Orange_3.jpg,Orange
Orange/Orange_30.jpg,Orange
Orange/Orange_31.jpg,Orange
Orange/Orange_32.jpg,Orange
Orange/Orange_33.jpg,Orange
Orange/Orange_34.jpg,Orange
Orange/Orange_35.jpg,Orange
Orange/Orange_36.jpg,Orange
Orange/Orange_37.jpg,Orange
Orange/Orange_38.jpg,Orange
Orange/Orange_39.jpg,Orange
Orange/Orange_4.jpg,Orange
Orange/Orange_5.jpg,Orange
Orange/Orange_6.jpg,Orange
Orange/Orange_7.jpg,Orange
Orange/Orange_8.jpg,Orange
Orange/Orange_9.jpg,Orange
Red/Red_0.jpg,Red
Red/Red_1.jpg,Red
Red/Red_10.jpg,Red
Red/Red_11.jpg,Red
Red/Red_12.jpg,Red
Red/Red_13.jpg,Red
Red/Red_14.jpg,Red
Red/Red_15.jpg,Red
Red/Red_16.jpg,Red
Red/Red_17.jpg,Red
Red/Red_18.jpg,Red
Red/Red_19.jpg,Red
Red/Red_2.jpg,Red
Red/Red_20.jpg,Red
Red/Red_21.jpg,Red
Red/Red_22.jpg,Red
Red/Red_23.jpg,Red
Red/Red_24.jpg,Red
Red/Red_25.jpg,Red
Red/Red_26.jpg,Red
Red/Red_27.jpg,Red
Red/Red_28.jpg,Red
Red/Red_29.jpg,Red
Red/Red_3.jpg,Red
Red/Red_30.jpg,Red
Red/Red_31.jpg,Red
Red/Red_32.jpg,Red
Red/Red_33.jpg,Red
Red/Red_34.jpg,Red
Red/Red_35.jpg,Red
Red/Red_36.jpg,Red
Red/Red_37.jpg,Red
Red/Red_38.jpg,Red
Red/Red_39.jpg,Red
Red/Red_4.jpg,Red
Red/Red_5.jpg,Red
Red/Red_6.jpg,Red
Red/Red_7.jpg,Red
Red/Red_8.jpg,Red
Red/Red_9.jpg,Red
Violet/Violet_0.jpg,Violet
Violet/Violet_1.jpg,Violet
Violet/Violet_10.jpg,Violet
Violet/Violet_11.jpg,Violet
Violet/Violet_12.jpg,Violet
Violet/Violet_13.jpg,Violet
Violet/Violet_14.jpg,Violet
Violet/Violet_15.jpg,Violet
Violet/Violet_16.jpg,Violet
Violet/Violet_17.jpg,Violet
Violet/Violet_18.jpg,Violet
Violet/Violet_19.jpg,Violet
Violet/Violet_2.jpg,Violet
Violet/Violet_20.jpg,Violet
Violet/Violet_21.jpg,Violet
Violet/Violet_22.jpg,Violet
Violet/Violet_23.jpg,Violet
Violet/Violet_24.jpg,Violet
Violet/Violet_25.jpg,Violet
Violet/Violet_26.jpg,Violet
Violet/Violet_27.jpg,Violet
Violet/Violet_28.jpg,Violet
Violet/Violet_29.jpg,Violet
Violet/Violet_3.jpg,Violet
Violet/Violet_30.jpg,Violet
Violet/Violet_31.jpg,Violet
Violet/Violet_32.jpg,Violet
Violet/Violet_33.jpg,Violet
Violet/Violet_34.jpg,Violet
Violet/Violet_35.jpg,Violet
Violet/Violet_36.jpg,Violet
Violet/Violet_37.jpg,Violet
Violet/Violet_38.jpg,Violet
Violet/Violet_39.jpg,Violet
Violet/Violet_4.jpg,Violet
Violet/Violet_5.jpg,Violet
Violet/Violet_6.jpg,Violet
Violet/Violet_7.jpg,Violet
Violet/Violet_8.jpg,Violet
Violet/Violet_9.jpg,Violet
White/White_0.jpg,White
White/White_1.jpg,White
White/White_10.jpg,White
White/White_11.jpg,White
White/White_12.jpg,White
White/White_13.jpg,White
White/White_14.jpg,White
White/White_15.jpg,White
White/White_16.jpg,White
White/White_17.jpg,White
White/White_18.jpg,White
White/White_19.jpg,White
White/White_2.jpg,White
White/White_20.jpg,White
White/White_21.jpg,White
White/White_22.jpg,White
White/White_23.jpg,White
White/White_24.jpg,White
White/White_25.jpg,White
White/White_26.jpg,White
White/White_27.jpg,White
White/White_28.jpg,White
White/White_29.jpg,White
White/White_3.jpg,White
White/White_30.jpg,White
White/White_31.jpg,White
White/White_32.jpg,White
White/White_33.jpg,White
White/White_34.jpg,White
White/White_35.jpg,White
White/White_36.jpg,White
White/White_37.jpg,White
White/White_38.jpg,White
White/White_39.jpg,White
White/White_4.jpg,White
White/White_5.jpg,White
White/White_6.jpg,White
White/White_7.jpg,White
White/White_8.jpg,White
White/White_9.jpg,White
Yellow/Yellow_0.jpg,Yellow
Yellow/Yellow_1.jpg,Yellow
Yellow/Yellow_10.jpg,Yellow
Yellow/Yellow_11.jpg,Yellow
Yellow/Yellow_12.jpg,Yellow
Yellow/Yellow_13.jpg,Yellow
Yellow/Yellow_14.jpg,Yellow
Yellow/Yellow_15.jpg,Yellow
Yellow/Yellow_16.jpg,Yellow
Yellow/Yellow_17.jpg,Yellow
Yellow/Yellow_18.jpg,Yellow
Yellow/Yellow_19.jpg,Yellow
Yellow/Yellow_2.jpg,Yellow
Yellow/Yellow_20.jpg,Yellow
Yellow/Yellow_21.jpg,Yellow
Yellow/Yellow_22.jpg,Yellow
Yellow/Yellow_23.jpg,Yellow
Yellow/Yellow_24.jpg,Yellow
Yellow/Yellow_25.jpg,Yellow
Yellow/Yellow_26.jpg,Yellow
Yellow/Yellow_27.jpg,Yellow
Yellow/Yellow_28.jpg,Yellow
Yellow/Yellow_29.jpg,Yellow
Yellow/Yellow_3.jpg,Yellow
Yellow/Yellow_30.jpg,Yellow
Yellow/Yellow_31.jpg,Yellow
Yellow/Yellow_32.jpg,Yellow
Yellow/Yellow_33.jpg,Yellow
Yellow/Yellow_34.jpg,Yellow
Yellow/Yellow_35.jpg,Yellow
Yellow/Yellow_36.jpg,Yellow
Yellow/Yellow_37.jpg,Yellow
Yellow/Yellow_38.jpg,Yellow
Yellow/Yellow_39.jpg,Yellow
Yellow/Yellow_4.jpg,Yellow
Yellow/Yellow_5.jpg,Yellow
Yellow/Yellow_6.jpg,Yellow
Yellow/Yellow_7.jpg,Yellow
Yellow/Yellow_8.jpg,Yellow
Yellow/Yellow_9.jpg,Yellow
